{
    "layer_0": 0.0005209445953369141,
    "layer_1": 0.00011110305786132812,
    "layer_2": 2.193450927734375e-05,
    "layer_3": 0.0002110004425048828,
    "layer_4": 6.604194641113281e-05,
    "layer_5": 1.2874603271484375e-05,
    "layer_6": 4.100799560546875e-05,
    "layer_7": 4.029273986816406e-05,
    "layer_8": 0.000164031982421875,
    "layer_9": 0.0001800060272216797,
    "layer_10": 9.918212890625e-05,
    "layer_11": 7.390975952148438e-05,
    "layer_12": 0.00010991096496582031,
    "layer_13": 5.125999450683594e-05,
    "layer_14": 1.430511474609375e-05,
    "layer_15": 3.1948089599609375e-05,
    "layer_16": 1.621246337890625e-05,
    "layer_17": 2.5987625122070312e-05,
    "layer_18": 2.7894973754882812e-05,
    "layer_19": 9.059906005859375e-06,
    "layer_20": 8.225440979003906e-05,
    "layer_21": 3.409385681152344e-05,
    "layer_22": 1.0967254638671875e-05,
    "layer_23": 2.4080276489257812e-05,
    "layer_24": 1.2874603271484375e-05,
    "layer_25": 6.198883056640625e-06,
    "layer_26": 2.5033950805664062e-05,
    "layer_27": 2.8133392333984375e-05,
    "layer_28": 7.867813110351562e-06,
    "layer_29": 2.2172927856445312e-05,
    "layer_30": 2.288818359375e-05,
    "layer_31": 1.5020370483398438e-05,
    "layer_32": 3.814697265625e-06,
    "layer_33": 1.2874603271484375e-05,
    "layer_34": 8.106231689453125e-06,
    "layer_35": 2.09808349609375e-05,
    "layer_36": 2.3126602172851562e-05,
    "layer_37": 6.198883056640625e-06,
    "layer_38": 3.2901763916015625e-05,
    "layer_39": 2.09808349609375e-05,
    "layer_40": 6.198883056640625e-06,
    "layer_41": 2.2172927856445312e-05,
    "layer_42": 6.198883056640625e-06,
    "layer_43": 3.814697265625e-06,
    "layer_44": 2.002716064453125e-05,
    "layer_45": 2.09808349609375e-05,
    "layer_46": 5.245208740234375e-06,
    "layer_47": 3.1948089599609375e-05,
    "layer_48": 2.09808349609375e-05,
    "layer_49": 5.0067901611328125e-06,
    "layer_50": 2.09808349609375e-05,
    "layer_51": 6.9141387939453125e-06,
    "layer_52": 3.814697265625e-06,
    "layer_53": 2.09808349609375e-05,
    "layer_54": 2.09808349609375e-05,
    "layer_55": 5.0067901611328125e-06,
    "layer_56": 4.029273986816406e-05,
    "layer_57": 6.9141387939453125e-06,
    "layer_58": 8.106231689453125e-06
}