{
    "0": 0.013815624988637865,
    "1": 0.000763332995120436,
    "2": 0.00035845799720846117,
    "3": 0.0007426250085700303,
    "4": 0.0003262499812990427,
    "5": 0.0003850409993901849,
    "6": 0.00102658401010558,
    "7": 0.0002607080095913261,
    "8": 0.00031616698834113777,
    "9": 0.000399582990212366,
    "10": 0.00032216700492426753,
    "11": 0.00048154100659303367,
    "12": 0.00036483301664702594,
    "13": 0.00039312499575316906,
    "14": 0.0003990829864051193,
    "15": 0.00045154200051911175,
    "16": 0.00019583399989642203,
    "17": 0.00019979200442321599,
    "18": 0.00020333300926722586,
    "19": 0.00020275000133551657,
    "20": 0.000226916978135705,
    "21": 0.00027904199669137597,
    "22": 0.0003659999929368496,
    "23": 0.0004004579968750477,
    "24": 0.0002593749959487468,
    "25": 0.0001934999891091138,
    "26": 0.0001959590008482337,
    "27": 0.00021708401618525386,
    "28": 0.00018445900059305131,
    "29": 0.00021949998335912824,
    "30": 0.00019541700021363795,
    "31": 0.0002718330069910735,
    "32": 0.00024279201170429587,
    "33": 0.0003443750028964132,
    "34": 0.0002189170045312494,
    "35": 0.00026875000912696123,
    "36": 0.00022183399414643645,
    "37": 0.00020466698333621025,
    "38": 0.00038816698361188173,
    "39": 0.00020024998229928315,
    "40": 0.00018816598458215594,
    "41": 0.0002240000176243484,
    "42": 0.00025508299586363137,
    "43": 0.00028316699899733067,
    "44": 0.00020412501180544496,
    "45": 0.00030524999601766467,
    "46": 0.00037608298589475453,
    "47": 0.00020454198238439858,
    "48": 0.00019866600632667542,
    "49": 0.00018541599274612963,
    "50": 0.00019866597722284496,
    "51": 0.0002539999841246754,
    "52": 0.0002795000036712736,
    "53": 0.0003040000156033784,
    "54": 0.0002593340177554637,
    "55": 0.0003040000156033784,
    "56": 0.0003344999859109521,
    "57": 0.0002945419983007014,
    "58": 0.0010005419899243861
}