{
    "0": 0.0008877500076778233,
    "1": 0.00037387499469332397,
    "2": 0.0002507920144125819,
    "3": 0.0003027919738087803,
    "4": 0.0002540839777793735,
    "5": 0.0001901669893413782,
    "6": 0.00022350001381710172,
    "7": 0.0002118330157827586,
    "8": 0.0003507919900584966,
    "9": 0.0004054580058436841,
    "10": 0.0002104580053128302,
    "11": 0.00022683301358483732,
    "12": 0.0002926659944932908,
    "13": 0.00018679199274629354,
    "14": 0.00030399998649954796,
    "15": 0.0002648330118972808,
    "16": 0.0002433749905321747,
    "17": 0.00020520799444057047,
    "18": 0.0004119580262340605,
    "19": 0.00029929200536571443,
    "20": 0.0002543749869801104,
    "21": 0.00020958398818038404,
    "22": 0.00018437500693835318,
    "23": 0.00020045801647938788,
    "24": 0.00018941701273433864,
    "25": 0.00017845898400992155,
    "26": 0.00017837499035522342,
    "27": 0.0002035000070463866,
    "28": 0.00021612498676404357,
    "29": 0.00018779200036078691,
    "30": 0.00018154102144762874,
    "31": 0.00018149998504668474,
    "32": 0.00019366698688827455,
    "33": 0.000176291010575369,
    "34": 0.00017608300549909472,
    "35": 0.00017324998043477535,
    "36": 0.0001729580108076334,
    "37": 0.00016233397764153779,
    "38": 0.0001788749941624701,
    "39": 0.00018620898481458426,
    "40": 0.000201958988327533,
    "41": 0.00030191699624992907,
    "42": 0.00018408297910355031,
    "43": 0.00018145900685340166,
    "44": 0.0001739579893182963,
    "45": 0.00017908299923874438,
    "46": 0.0001648749748710543,
    "47": 0.00018333399202674627,
    "48": 0.00018154201097786427,
    "49": 0.00016487500397488475,
    "50": 0.00017558399122208357,
    "51": 0.00016783300088718534,
    "52": 0.00016754199168644845,
    "53": 0.0001775840064510703,
    "54": 0.00017429099534638226,
    "55": 0.00015454099047929049,
    "56": 0.0002380829828325659,
    "57": 0.00017949999892152846,
    "58": 0.0001760419982019812
}